Unnamed: 0,Serial No.,GRE Score,TOEFL Score,University Rating,SOP,LOR ,CGPA,Research,Chance of Admit 
0,1,337,118,4,4.5,4.5,9.65,1,0.92
1,2,324,107,4,4.0,4.5,8.87,1,0.76
2,3,316,104,3,3.0,3.5,8.0,1,0.72
3,4,322,110,3,3.5,2.5,8.67,1,0.8
5,6,330,115,5,4.5,3.0,9.34,1,0.9
6,7,321,109,3,3.0,4.0,8.2,1,0.75
10,11,325,106,3,3.5,4.0,8.4,1,0.52
11,12,327,111,4,4.0,4.5,9.0,1,0.84
12,13,328,112,4,4.0,4.5,9.1,1,0.78
13,14,307,109,3,4.0,3.0,8.0,1,0.62
14,15,311,104,3,3.5,2.0,8.2,1,0.61
17,18,319,106,3,4.0,3.0,8.0,1,0.65
20,21,312,107,3,3.0,2.0,7.9,1,0.64
22,23,328,116,5,5.0,5.0,9.5,1,0.94
23,24,334,119,5,5.0,4.5,9.7,1,0.95
24,25,336,119,5,4.0,3.5,9.8,1,0.97
25,26,340,120,5,4.5,4.5,9.6,1,0.94
30,31,300,97,2,3.0,3.0,8.1,1,0.65
31,32,327,103,3,4.0,4.0,8.3,1,0.74
32,33,338,118,4,3.0,4.5,9.4,1,0.91
33,34,340,114,5,4.0,4.0,9.6,1,0.9
34,35,331,112,5,4.0,5.0,9.8,1,0.94
35,36,320,110,5,5.0,5.0,9.2,1,0.88
42,43,313,107,2,2.5,2.0,8.5,1,0.53
44,45,326,113,5,4.5,4.0,9.4,1,0.91
45,46,322,110,5,5.0,4.0,9.1,1,0.88
46,47,329,114,5,4.0,5.0,9.3,1,0.86
48,49,321,110,3,3.5,5.0,8.85,1,0.82
49,50,327,111,4,3.0,4.0,8.4,1,0.78
50,51,313,98,3,2.5,4.5,8.3,1,0.76
51,52,312,100,2,1.5,3.5,7.9,1,0.56
52,53,334,116,4,4.0,3.0,8.0,1,0.78
53,54,324,112,4,4.0,2.5,8.1,1,0.72
62,63,304,105,2,3.0,3.0,8.2,1,0.54
63,64,315,107,2,4.0,3.0,8.5,1,0.56
67,68,316,107,2,3.5,3.5,8.64,1,0.57
68,69,318,109,3,3.5,4.0,9.22,1,0.68
69,70,328,115,4,4.5,4.0,9.16,1,0.78
70,71,332,118,5,5.0,5.0,9.64,1,0.94
71,72,336,112,5,5.0,5.0,9.76,1,0.96
72,73,321,111,5,5.0,5.0,9.45,1,0.93
73,74,314,108,4,4.5,4.0,9.04,1,0.84
75,76,329,114,2,2.0,4.0,8.56,1,0.72
76,77,327,112,3,3.0,3.0,8.72,1,0.74
81,82,340,120,4,5.0,5.0,9.5,1,0.96
82,83,320,110,5,5.0,4.5,9.22,1,0.92
83,84,322,115,5,4.0,4.5,9.36,1,0.92
84,85,340,115,5,4.5,4.5,9.45,1,0.94
89,90,316,109,4,4.5,3.5,8.76,1,0.74
90,91,318,106,2,4.0,4.0,7.92,1,0.64
97,98,331,120,3,4.0,4.0,8.96,1,0.86
98,99,332,119,4,5.0,4.5,9.24,1,0.9
99,100,323,113,3,4.0,4.0,8.88,1,0.79
100,101,322,107,3,3.5,3.5,8.46,1,0.71
104,105,326,112,3,3.5,3.0,9.05,1,0.74
105,106,316,110,3,4.0,4.5,8.78,1,0.69
106,107,329,111,4,4.5,4.5,9.18,1,0.87
107,108,338,117,4,3.5,4.5,9.46,1,0.91
108,109,331,116,5,5.0,5.0,9.38,1,0.93
111,112,321,109,4,4.0,4.0,8.68,1,0.69
112,113,301,107,3,3.5,3.5,8.34,1,0.62
114,115,311,105,3,3.5,3.0,8.45,1,0.59
115,116,310,106,4,4.5,4.5,9.04,1,0.66
119,120,327,104,5,3.0,3.5,8.84,1,0.71
120,121,335,117,5,5.0,5.0,9.56,1,0.94
121,122,334,119,5,4.5,4.5,9.48,1,0.94
125,126,300,100,3,2.0,3.0,8.66,1,0.64
126,127,323,113,3,4.0,3.0,9.32,1,0.85
127,128,319,112,3,2.5,2.0,8.71,1,0.78
128,129,326,112,3,3.5,3.0,9.1,1,0.84
129,130,333,118,5,5.0,5.0,9.35,1,0.92
130,131,339,114,5,4.0,4.5,9.76,1,0.96
134,135,333,113,5,4.0,4.0,9.28,1,0.89
135,136,314,109,4,3.5,4.0,8.77,1,0.82
137,138,316,100,2,1.5,3.0,8.16,1,0.71
138,139,326,116,2,4.5,3.0,9.08,1,0.8
140,141,329,110,2,4.0,3.0,9.15,1,0.84
141,142,332,118,2,4.5,3.5,9.36,1,0.9
142,143,331,115,5,4.0,3.5,9.44,1,0.92
143,144,340,120,4,4.5,4.0,9.92,1,0.97
144,145,325,112,2,3.0,3.5,8.96,1,0.8
145,146,320,113,2,2.0,2.5,8.64,1,0.81
147,148,326,114,3,3.0,3.0,9.11,1,0.83
148,149,339,116,4,4.0,3.5,9.8,1,0.96
149,150,311,106,2,3.5,3.0,8.26,1,0.79
150,151,334,114,4,4.0,4.0,9.43,1,0.93
151,152,332,116,5,5.0,5.0,9.28,1,0.94
152,153,321,112,5,5.0,5.0,9.06,1,0.86
164,165,329,111,4,4.5,4.0,9.01,1,0.81
168,169,293,97,2,2.0,4.0,7.8,1,0.64
170,171,312,101,2,2.5,3.5,8.04,1,0.68
171,172,334,117,5,4.0,4.5,9.07,1,0.89
172,173,322,110,4,4.0,5.0,9.13,1,0.86
173,174,323,113,4,4.0,4.5,9.23,1,0.89
174,175,321,111,4,4.0,4.0,8.97,1,0.87
175,176,320,111,4,4.5,3.5,8.87,1,0.85
176,177,329,119,4,4.5,4.5,9.16,1,0.9
185,186,327,113,4,4.5,4.5,9.11,1,0.89
186,187,317,107,3,3.5,3.0,8.68,1,0.84
187,188,335,118,5,4.5,3.5,9.44,1,0.93
188,189,331,115,5,4.5,3.5,9.36,1,0.93
189,190,324,112,5,5.0,5.0,9.08,1,0.88
190,191,324,111,5,4.5,4.0,9.16,1,0.9
191,192,323,110,5,4.0,5.0,8.98,1,0.87
192,193,322,114,5,4.5,4.0,8.94,1,0.86
193,194,336,118,5,4.5,5.0,9.53,1,0.94
195,196,307,107,2,3.0,3.5,8.52,1,0.78
200,201,317,103,3,2.5,3.0,8.54,1,0.73
201,202,315,110,2,3.5,3.0,8.46,1,0.72
202,203,340,120,5,4.5,4.5,9.91,1,0.97
203,204,334,120,5,4.0,5.0,9.87,1,0.97
207,208,310,102,3,3.5,4.0,8.02,1,0.66
209,210,301,104,3,3.5,4.0,8.12,1,0.68
210,211,325,108,4,4.5,4.0,9.06,1,0.79
211,212,328,110,4,5.0,4.0,9.14,1,0.82
212,213,338,120,4,5.0,5.0,9.66,1,0.95
213,214,333,119,5,5.0,4.5,9.78,1,0.96
214,215,331,117,4,4.5,5.0,9.42,1,0.94
215,216,330,116,5,5.0,4.5,9.36,1,0.93
216,217,322,112,4,4.5,4.5,9.26,1,0.91
217,218,321,109,4,4.0,4.0,9.13,1,0.85
218,219,324,110,4,3.0,3.5,8.97,1,0.84
229,230,324,111,4,3.0,3.0,9.01,1,0.82
231,232,319,106,3,3.5,2.5,8.33,1,0.74
234,235,330,113,5,5.0,4.0,9.31,1,0.91
235,236,326,111,5,4.5,4.0,9.23,1,0.88
236,237,325,112,4,4.0,4.5,9.17,1,0.85
237,238,329,114,5,4.5,5.0,9.19,1,0.86
242,243,324,115,3,3.5,3.0,8.76,1,0.7
243,244,325,114,3,3.5,3.0,9.04,1,0.76
245,246,328,110,4,4.0,2.5,9.02,1,0.81
248,249,324,110,3,3.5,4.0,8.87,1,0.8
249,250,321,111,3,3.5,4.0,8.83,1,0.77
250,251,320,104,3,3.0,2.5,8.57,1,0.74
252,253,318,100,2,2.5,3.5,8.54,1,0.71
253,254,335,115,4,4.5,4.5,9.68,1,0.93
257,258,324,100,3,4.0,5.0,8.64,1,0.78
258,259,326,102,4,5.0,5.0,8.76,1,0.77
259,260,331,119,4,5.0,4.5,9.34,1,0.9
260,261,327,108,5,5.0,3.5,9.13,1,0.87
262,263,308,103,2,2.5,4.0,8.36,1,0.7
263,264,324,111,3,2.5,1.5,8.79,1,0.7
264,265,325,110,2,3.0,2.5,8.76,1,0.75
267,268,314,107,3,3.0,3.5,8.17,1,0.73
270,271,306,105,2,2.5,3.0,8.22,1,0.72
273,274,312,99,1,1.0,1.5,8.01,1,0.52
275,276,322,110,3,3.5,3.0,8.96,1,0.78
276,277,329,113,5,5.0,4.5,9.45,1,0.89
280,281,311,102,3,4.5,4.0,8.64,1,0.68
281,282,317,110,3,4.0,4.5,9.11,1,0.8
282,283,312,106,3,4.0,3.5,8.79,1,0.81
283,284,321,111,3,2.5,3.0,8.9,1,0.8
284,285,340,112,4,5.0,4.5,9.66,1,0.94
285,286,331,116,5,4.0,4.0,9.26,1,0.93
286,287,336,118,5,4.5,4.0,9.19,1,0.92
287,288,324,114,5,5.0,4.5,9.08,1,0.89
293,294,312,98,1,3.5,3.0,8.18,1,0.64
294,295,316,101,2,2.5,2.0,8.32,1,0.61
298,299,330,114,3,4.5,4.5,9.24,1,0.9
302,303,322,105,2,3.0,3.0,8.45,1,0.65
303,304,323,107,3,3.5,3.5,8.55,1,0.73
305,306,321,109,3,3.5,3.5,8.8,1,0.74
306,307,323,110,3,4.0,3.5,9.1,1,0.79
307,308,325,112,4,4.0,4.0,9.0,1,0.8
310,311,320,104,3,3.0,3.5,8.74,1,0.76
311,312,328,108,4,4.5,4.0,9.18,1,0.84
312,313,311,107,4,4.5,4.5,9.0,1,0.78
318,319,324,111,3,2.5,2.0,8.8,1,0.79
319,320,327,113,4,3.5,3.0,8.69,1,0.8
320,321,317,106,3,4.0,3.5,8.5,1,0.75
321,322,323,104,3,4.0,4.0,8.44,1,0.73
325,326,326,116,3,3.5,4.0,9.14,1,0.81
328,329,324,112,4,4.0,3.5,8.77,1,0.8
330,331,327,113,3,3.5,3.0,8.66,1,0.8
331,332,311,105,2,3.0,2.0,8.12,1,0.73
332,333,308,106,3,3.5,2.5,8.21,1,0.75
333,334,319,108,3,3.0,3.5,8.54,1,0.71
334,335,312,107,4,4.5,4.0,8.65,1,0.73
335,336,325,111,4,4.0,4.5,9.11,1,0.83
337,338,332,118,5,5.0,5.0,9.47,1,0.94
338,339,323,108,5,4.0,4.0,8.74,1,0.81
339,340,324,107,5,3.5,4.0,8.66,1,0.81
340,341,312,107,3,3.0,3.0,8.46,1,0.75
341,342,326,110,3,3.5,3.5,8.76,1,0.79
350,351,318,107,3,3.0,3.5,8.27,1,0.74
351,352,325,110,4,3.5,4.0,8.67,1,0.73
352,353,303,100,2,3.0,3.5,8.06,1,0.64
356,357,327,109,3,3.5,4.0,8.77,1,0.79
357,358,301,104,2,3.5,3.5,7.89,1,0.68
360,361,322,110,3,4.0,5.0,8.64,1,0.85
361,362,334,116,4,4.0,3.5,9.54,1,0.93
362,363,338,115,5,4.5,5.0,9.23,1,0.91
364,365,313,102,3,3.5,4.0,8.9,1,0.77
365,366,330,114,4,4.5,3.0,9.17,1,0.86
366,367,320,104,3,3.5,4.5,8.34,1,0.74
369,370,301,98,1,2.0,3.0,8.03,1,0.67
371,372,324,110,3,3.5,3.0,9.22,1,0.89
372,373,336,119,4,4.5,4.0,9.62,1,0.95
373,374,321,109,3,3.0,3.0,8.54,1,0.79
379,380,311,99,1,2.5,3.0,8.43,1,0.71
380,381,322,104,3,3.5,4.0,8.84,1,0.78
381,382,319,105,3,3.0,3.5,8.67,1,0.73
382,383,324,110,4,4.5,4.0,9.15,1,0.82
384,385,340,113,4,5.0,5.0,9.74,1,0.96
385,386,335,117,5,5.0,5.0,9.82,1,0.96
389,390,320,108,3,3.5,4.0,8.44,1,0.76
392,393,326,112,4,4.0,3.5,9.12,1,0.84
394,395,329,111,4,4.5,4.0,9.23,1,0.89
395,396,324,110,3,3.5,3.5,9.04,1,0.82
396,397,325,107,3,3.0,3.5,9.11,1,0.84
397,398,330,116,4,5.0,4.5,9.45,1,0.91
399,400,333,117,4,5.0,4.0,9.66,1,0.95
4,5,314,103,2,2.0,3.0,8.21,0,0.65
7,8,308,101,2,3.0,4.0,7.9,0,0.68
8,9,302,102,1,2.0,1.5,8.0,0,0.5
9,10,323,108,3,3.5,3.0,8.6,0,0.45
15,16,314,105,3,3.5,2.5,8.3,0,0.54
16,17,317,107,3,4.0,3.0,8.7,0,0.66
18,19,318,110,3,4.0,3.0,8.8,0,0.63
19,20,303,102,3,3.5,3.0,8.5,0,0.62
21,22,325,114,4,3.0,2.0,8.4,0,0.7
26,27,322,109,5,4.5,3.5,8.8,0,0.76
28,29,295,93,1,2.0,2.0,7.2,0,0.46
29,30,310,99,2,1.5,2.0,7.3,0,0.54
36,37,299,106,2,4.0,4.0,8.4,0,0.64
37,38,300,105,1,1.0,2.0,7.8,0,0.58
38,39,304,105,1,3.0,1.5,7.5,0,0.52
39,40,307,108,2,4.0,3.5,7.7,0,0.48
43,44,332,117,4,4.5,4.0,9.1,0,0.87
47,48,339,119,5,4.5,4.0,9.7,0,0.89
54,55,322,110,3,3.0,3.5,8.0,0,0.7
55,56,320,103,3,3.0,3.0,7.7,0,0.64
56,57,316,102,3,2.0,3.0,7.4,0,0.64
57,58,298,99,2,4.0,2.0,7.6,0,0.46
59,60,311,104,2,2.0,2.0,8.3,0,0.42
60,61,309,100,2,3.0,3.0,8.1,0,0.48
61,62,307,101,3,4.0,3.0,8.2,0,0.47
64,65,325,111,3,3.0,3.5,8.7,0,0.52
65,66,325,112,4,3.5,3.5,8.92,0,0.55
66,67,327,114,3,3.0,3.0,9.02,0,0.61
74,75,314,106,3,3.0,5.0,8.9,0,0.74
77,78,301,99,2,3.0,2.0,8.22,0,0.64
79,80,294,93,1,1.5,2.0,7.36,0,0.46
85,86,319,103,4,4.5,3.5,8.66,0,0.76
86,87,315,106,3,4.5,3.5,8.42,0,0.72
87,88,317,107,2,3.5,3.0,8.28,0,0.66
88,89,314,108,3,4.5,3.5,8.14,0,0.64
91,92,299,97,3,5.0,3.5,7.66,0,0.38
94,95,303,99,3,2.0,2.5,7.66,0,0.36
95,96,304,100,4,1.5,2.5,7.84,0,0.42
96,97,306,100,2,3.0,3.0,8.0,0,0.48
101,102,312,105,2,2.5,3.0,8.12,0,0.64
102,103,314,106,2,4.0,3.5,8.25,0,0.62
103,104,317,104,2,4.5,4.0,8.47,0,0.57
109,110,304,103,5,5.0,4.0,8.64,0,0.68
110,111,305,108,5,3.0,3.0,8.48,0,0.61
113,114,320,110,2,4.0,3.5,8.56,0,0.72
116,117,299,102,3,4.0,3.5,8.62,0,0.56
117,118,290,104,4,2.0,2.5,7.46,0,0.45
118,119,296,99,2,3.0,3.5,7.28,0,0.47
122,123,310,106,4,1.5,2.5,8.36,0,0.57
123,124,308,108,3,3.5,3.5,8.22,0,0.61
124,125,301,106,4,2.5,3.0,8.47,0,0.57
131,132,303,105,5,5.0,4.5,8.65,0,0.77
132,133,309,105,5,3.5,3.5,8.56,0,0.71
133,134,323,112,5,4.0,4.5,8.78,0,0.79
136,137,312,103,3,5.0,4.0,8.45,0,0.76
139,140,318,109,1,3.5,3.5,9.12,0,0.78
146,147,315,105,3,2.0,2.5,8.48,0,0.75
153,154,324,105,3,3.0,4.0,8.75,0,0.79
154,155,326,108,3,3.0,3.5,8.89,0,0.8
155,156,312,109,3,3.0,3.0,8.69,0,0.77
156,157,315,105,3,2.0,2.5,8.34,0,0.7
157,158,309,104,2,2.0,2.5,8.26,0,0.65
158,159,306,106,2,2.0,2.5,8.14,0,0.61
159,160,297,100,1,1.5,2.0,7.9,0,0.52
160,161,315,103,1,1.5,2.0,7.86,0,0.57
161,162,298,99,1,1.5,3.0,7.46,0,0.53
162,163,318,109,3,3.0,3.0,8.5,0,0.67
163,164,317,105,3,3.5,3.0,8.56,0,0.68
165,166,322,110,5,4.5,4.0,8.97,0,0.78
166,167,302,102,3,3.5,5.0,8.33,0,0.65
167,168,313,102,3,2.0,3.0,8.27,0,0.64
169,170,311,99,2,2.5,3.0,7.98,0,0.65
177,178,319,110,3,3.5,3.5,9.04,0,0.82
178,179,309,108,3,2.5,3.0,8.12,0,0.72
179,180,307,102,3,3.0,3.0,8.27,0,0.73
180,181,300,104,3,3.5,3.0,8.16,0,0.71
181,182,305,107,2,2.5,2.5,8.42,0,0.71
182,183,299,100,2,3.0,3.5,7.88,0,0.68
183,184,314,110,3,4.0,4.0,8.8,0,0.75
184,185,316,106,2,2.5,4.0,8.32,0,0.72
194,195,316,109,3,3.5,3.0,8.76,0,0.77
196,197,306,105,2,3.0,2.5,8.26,0,0.73
197,198,310,106,2,3.5,2.5,8.33,0,0.73
198,199,311,104,3,4.5,4.5,8.43,0,0.7
199,200,313,107,3,4.0,4.5,8.69,0,0.72
204,205,298,105,3,3.5,4.0,8.54,0,0.69
205,206,295,99,2,2.5,3.0,7.65,0,0.57
206,207,315,99,2,3.5,3.0,7.89,0,0.63
208,209,305,106,2,3.0,3.0,8.16,0,0.64
219,220,312,104,3,3.5,3.5,8.42,0,0.74
220,221,313,103,3,4.0,4.0,8.75,0,0.76
221,222,316,110,3,3.5,4.0,8.56,0,0.75
222,223,324,113,4,4.5,4.0,8.79,0,0.76
223,224,308,109,2,3.0,4.0,8.45,0,0.71
224,225,305,105,2,3.0,2.0,8.23,0,0.67
225,226,296,99,2,2.5,2.5,8.03,0,0.61
226,227,306,110,2,3.5,4.0,8.45,0,0.63
227,228,312,110,2,3.5,3.0,8.53,0,0.64
228,229,318,112,3,4.0,3.5,8.67,0,0.71
230,231,313,104,3,4.0,4.5,8.65,0,0.73
232,233,312,107,2,2.5,3.5,8.27,0,0.69
233,234,304,100,2,2.5,3.5,8.07,0,0.64
238,239,310,104,3,2.0,3.5,8.37,0,0.7
239,240,299,100,1,1.5,2.0,7.89,0,0.59
240,241,296,101,1,2.5,3.0,7.68,0,0.6
241,242,317,103,2,2.5,2.0,8.15,0,0.65
244,245,314,107,2,2.5,4.0,8.56,0,0.63
246,247,316,105,3,3.0,3.5,8.73,0,0.72
247,248,311,104,2,2.5,3.5,8.48,0,0.71
251,252,316,99,2,2.5,3.0,9.0,0,0.7
254,255,321,114,4,4.0,5.0,9.12,0,0.85
255,256,307,110,4,4.0,4.5,8.37,0,0.79
256,257,309,99,3,4.0,4.0,8.56,0,0.76
261,262,312,104,3,3.5,4.0,8.09,0,0.71
265,266,313,102,3,2.5,2.5,8.68,0,0.71
266,267,312,105,2,2.0,2.5,8.45,0,0.72
268,269,327,113,4,4.5,5.0,9.14,0,0.83
269,270,308,108,4,4.5,5.0,8.34,0,0.77
271,272,299,96,2,1.5,2.0,7.86,0,0.54
272,273,294,95,1,1.5,1.5,7.64,0,0.49
274,275,315,100,1,2.0,2.5,7.95,0,0.58
277,278,320,101,2,2.5,3.0,8.62,0,0.7
278,279,308,103,2,3.0,3.5,8.49,0,0.66
279,280,304,102,2,3.0,4.0,8.73,0,0.67
288,289,314,104,4,5.0,5.0,9.02,0,0.82
289,290,313,109,3,4.0,3.5,9.0,0,0.79
290,291,307,105,2,2.5,3.0,7.65,0,0.58
291,292,300,102,2,1.5,2.0,7.87,0,0.56
292,293,302,99,2,1.0,2.0,7.97,0,0.56
295,296,317,100,2,3.0,2.5,8.57,0,0.68
296,297,310,107,3,3.5,3.5,8.67,0,0.76
297,298,320,120,3,4.0,4.5,9.11,0,0.86
299,300,305,112,3,3.0,3.5,8.65,0,0.71
300,301,309,106,2,2.5,2.5,8.0,0,0.62
301,302,319,108,2,2.5,3.0,8.76,0,0.66
304,305,313,106,2,2.5,2.0,8.43,0,0.62
308,309,312,108,3,3.5,3.0,8.53,0,0.69
309,310,308,110,4,3.5,3.0,8.6,0,0.7
313,314,301,100,3,3.5,3.0,8.04,0,0.67
314,315,305,105,2,3.0,4.0,8.13,0,0.66
315,316,308,104,2,2.5,3.0,8.07,0,0.65
316,317,298,101,2,1.5,2.0,7.86,0,0.54
317,318,300,99,1,1.0,2.5,8.01,0,0.58
322,323,314,107,2,2.5,4.0,8.27,0,0.72
323,324,305,102,2,2.0,2.5,8.18,0,0.62
324,325,315,104,3,3.0,2.5,8.33,0,0.67
326,327,299,100,3,2.0,2.0,8.02,0,0.63
327,328,295,101,2,2.5,2.0,7.86,0,0.69
329,330,297,96,2,2.5,1.5,7.89,0,0.43
336,337,319,110,3,3.0,2.5,8.79,0,0.72
342,343,308,106,3,3.0,3.0,8.24,0,0.58
343,344,305,103,2,2.5,3.5,8.13,0,0.59
344,345,295,96,2,1.5,2.0,7.34,0,0.47
345,346,316,98,1,1.5,2.0,7.43,0,0.49
346,347,304,97,2,1.5,2.0,7.64,0,0.47
347,348,299,94,1,1.0,1.0,7.34,0,0.42
348,349,302,99,1,2.0,2.0,7.25,0,0.57
349,350,313,101,3,2.5,3.0,8.04,0,0.62
353,354,300,102,3,3.5,2.5,8.17,0,0.63
354,355,297,98,2,2.5,3.0,7.67,0,0.59
355,356,317,106,2,2.0,3.5,8.12,0,0.73
358,359,314,105,2,2.5,2.0,7.64,0,0.7
359,360,321,107,2,2.0,1.5,8.44,0,0.81
363,364,306,103,2,2.5,3.0,8.36,0,0.69
367,368,311,98,1,1.0,2.5,7.46,0,0.57
368,369,298,92,1,2.0,2.0,7.88,0,0.51
370,371,310,103,2,2.5,2.5,8.24,0,0.72
374,375,315,105,2,2.0,2.5,7.65,0,0.39
375,376,304,101,2,2.0,2.5,7.66,0,0.38
377,378,290,100,1,1.5,2.0,7.56,0,0.47
378,379,303,98,1,2.0,2.5,7.65,0,0.56
383,384,300,100,3,3.0,3.5,8.26,0,0.62
386,387,302,101,2,2.5,3.5,7.96,0,0.46
387,388,307,105,2,2.0,3.5,8.1,0,0.53
388,389,296,97,2,1.5,2.0,7.8,0,0.49
390,391,314,102,2,2.0,2.5,8.24,0,0.64
391,392,318,106,3,2.0,3.0,8.65,0,0.71
393,394,317,104,2,3.0,3.0,8.76,0,0.77
398,399,312,103,3,3.5,4.0,8.78,0,0.67
